class|#639|#632|#
class|#639|#619|#
class|#639|#650|#
class|#639|#358|#
class|#639|#191|#
class|#631|#49|#
class|#631|#49|#
class|#603|#38|#
class|#603|#38|#
class|#603|#318|#
class|#603|#249|#
class|#38|#318|#
class|#38|#249|#
class|#632|#619|#
class|#632|#650|#
class|#632|#358|#
class|#632|#191|#
class|#619|#650|#
class|#619|#358|#
class|#619|#191|#
class|#619|#225|#
class|#619|#232|#
class|#650|#358|#
class|#650|#191|#
class|#607|#606|#
class|#607|#279|#
class|#606|#279|#
class|#65|#35|#
class|#65|#263|#
class|#65|#35|#
class|#651|#52|#
class|#651|#64|#
class|#651|#52|#
class|#651|#320|#
class|#651|#254|#
class|#651|#352|#
class|#651|#338|#
class|#651|#362|#
class|#52|#64|#
class|#52|#320|#
class|#52|#254|#
class|#52|#352|#
class|#52|#338|#
class|#52|#362|#
class|#64|#614|#
class|#64|#52|#
class|#64|#320|#
class|#64|#254|#
class|#64|#352|#
class|#64|#338|#
class|#64|#362|#
class|#64|#64|#
class|#64|#368|#
class|#64|#250|#
class|#627|#281|#
class|#646|#262|#
class|#646|#192|#
class|#604|#197|#
class|#604|#287|#
class|#604|#226|#
class|#54|#608|#
class|#54|#370|#
class|#54|#175|#
class|#54|#359|#
class|#54|#308|#
class|#608|#370|#
class|#608|#54|#
class|#608|#175|#
class|#608|#308|#
class|#57|#605|#
class|#57|#360|#
class|#57|#242|#
class|#57|#241|#
class|#57|#330|#
class|#57|#199|#
class|#31|#322|#
class|#31|#278|#
class|#31|#331|#
class|#602|#24|#
class|#602|#24|#
class|#648|#354|#
class|#649|#313|#
class|#32|#643|#
class|#32|#185|#
class|#32|#245|#
class|#32|#291|#
class|#28|#191|#
class|#45|#60|#
class|#45|#218|#
class|#45|#60|#
class|#45|#259|#
class|#45|#323|#
class|#45|#301|#
class|#60|#45|#
class|#60|#218|#
class|#640|#347|#
class|#610|#190|#
class|#610|#175|#
class|#610|#208|#
class|#610|#176|#
class|#610|#230|#
class|#654|#209|#
class|#36|#257|#
class|#42|#200|#
class|#41|#261|#
class|#41|#316|#
class|#41|#333|#
class|#41|#324|#
class|#633|#213|#
class|#613|#26|#
class|#613|#361|#
class|#613|#234|#
class|#613|#26|#
class|#613|#344|#
class|#26|#361|#
class|#26|#234|#
class|#26|#344|#
class|#652|#605|#
class|#638|#254|#
class|#638|#332|#
class|#638|#353|#
class|#638|#249|#
class|#638|#241|#
class|#645|#327|#
class|#23|#276|#
class|#39|#371|#
class|#605|#57|#
class|#605|#242|#
class|#605|#241|#
class|#605|#330|#
class|#35|#65|#
class|#48|#46|#
class|#48|#335|#
class|#48|#178|#
class|#48|#46|#
class|#55|#611|#
class|#51|#655|#
class|#51|#321|#
class|#655|#620|#
class|#655|#51|#
class|#655|#321|#
class|#655|#243|#
class|#655|#336|#
class|#655|#282|#
class|#655|#369|#
class|#615|#341|#
class|#620|#243|#
class|#620|#336|#
class|#620|#282|#
class|#620|#369|#
class|#58|#183|#
class|#634|#641|#
class|#40|#195|#
class|#40|#366|#
class|#40|#356|#
class|#635|#214|#
class|#618|#316|#
class|#618|#372|#
class|#618|#294|#
class|#53|#201|#
class|#626|#202|#
class|#623|#44|#
class|#623|#286|#
class|#623|#44|#
class|#623|#256|#
class|#44|#286|#
class|#44|#256|#
class|#653|#62|#
class|#653|#211|#
class|#653|#62|#
class|#653|#189|#
class|#653|#223|#
class|#653|#337|#
class|#653|#267|#
class|#653|#342|#
class|#62|#224|#
class|#62|#211|#
class|#62|#189|#
class|#62|#223|#
class|#62|#337|#
class|#62|#267|#
class|#62|#342|#
class|#46|#34|#
class|#46|#335|#
class|#46|#48|#
class|#46|#178|#
class|#46|#34|#
class|#34|#66|#
class|#34|#66|#
class|#34|#46|#
class|#643|#32|#
class|#643|#291|#
class|#29|#318|#
class|#33|#193|#
class|#33|#239|#
class|#50|#177|#
class|#37|#205|#
class|#614|#625|#
class|#614|#368|#
class|#614|#250|#
class|#47|#307|#
class|#611|#349|#
class|#611|#55|#
class|#611|#196|#
class|#61|#229|#
class|#63|#348|#
class|#63|#298|#
class|#63|#202|#
class|#622|#244|#
class|#27|#226|#
class|#66|#34|#
class|#625|#258|#
class|#625|#368|#
class|#625|#250|#
class|#625|#296|#
class|#625|#364|#
class|#625|#319|#
class|#625|#231|#
class|#625|#227|#
class|#30|#351|#
class|#30|#268|#
class|#30|#213|#
class|#30|#378|#
class|#59|#362|#
class|#628|#173|#
class|#644|#232|#
class|#45|#218|#
class|#45|#60|#
class|#45|#259|#
class|#45|#323|#
class|#45|#301|#
class|#357|#299|#
class|#270|#376|#
class|#270|#377|#
class|#286|#44|#
class|#286|#256|#
class|#177|#50|#
class|#66|#34|#
class|#258|#296|#
class|#258|#364|#
class|#258|#319|#
class|#258|#231|#
class|#258|#227|#
class|#329|#299|#
class|#329|#356|#
class|#329|#220|#
class|#349|#196|#
class|#229|#61|#
class|#38|#318|#
class|#38|#249|#
class|#318|#249|#
class|#318|#29|#
class|#236|#266|#
class|#236|#210|#
class|#266|#210|#
class|#358|#191|#
class|#191|#28|#
class|#65|#263|#
class|#65|#35|#
class|#52|#320|#
class|#52|#254|#
class|#52|#352|#
class|#52|#338|#
class|#52|#362|#
class|#320|#254|#
class|#320|#352|#
class|#320|#338|#
class|#320|#362|#
class|#254|#352|#
class|#254|#338|#
class|#254|#362|#
class|#254|#249|#
class|#352|#338|#
class|#352|#362|#
class|#338|#362|#
class|#362|#59|#
class|#375|#186|#
class|#262|#192|#
class|#197|#287|#
class|#197|#226|#
class|#287|#226|#
class|#226|#27|#
class|#370|#54|#
class|#370|#175|#
class|#370|#308|#
class|#54|#175|#
class|#54|#359|#
class|#54|#308|#
class|#360|#57|#
class|#360|#199|#
class|#57|#242|#
class|#57|#241|#
class|#57|#330|#
class|#57|#199|#
class|#326|#300|#
class|#31|#322|#
class|#31|#278|#
class|#31|#331|#
class|#322|#278|#
class|#322|#331|#
class|#278|#331|#
class|#181|#582|#
class|#283|#64|#
class|#219|#328|#
class|#219|#374|#
class|#328|#374|#
class|#225|#216|#
class|#225|#288|#
class|#225|#232|#
class|#216|#288|#
class|#185|#245|#
class|#185|#32|#
class|#245|#32|#
class|#32|#291|#
class|#302|#348|#
class|#302|#355|#
class|#218|#60|#
class|#218|#272|#
class|#222|#309|#
class|#237|#284|#
class|#224|#62|#
class|#260|#187|#
class|#260|#246|#
class|#260|#300|#
class|#190|#175|#
class|#190|#208|#
class|#190|#176|#
class|#175|#208|#
class|#175|#176|#
class|#208|#176|#
class|#176|#182|#
class|#176|#308|#
class|#176|#346|#
class|#176|#305|#
class|#36|#257|#
class|#42|#200|#
class|#41|#261|#
class|#41|#316|#
class|#41|#333|#
class|#41|#324|#
class|#261|#316|#
class|#261|#333|#
class|#261|#324|#
class|#316|#372|#
class|#316|#294|#
class|#316|#333|#
class|#316|#324|#
class|#361|#234|#
class|#361|#26|#
class|#361|#344|#
class|#234|#26|#
class|#234|#344|#
class|#26|#344|#
class|#332|#353|#
class|#332|#179|#
class|#353|#179|#
class|#353|#272|#
class|#353|#285|#
class|#215|#217|#
class|#215|#269|#
class|#217|#269|#
class|#249|#241|#
class|#251|#194|#
class|#251|#289|#
class|#334|#275|#
class|#334|#311|#
class|#334|#187|#
class|#275|#311|#
class|#275|#187|#
class|#311|#187|#
class|#187|#246|#
class|#187|#300|#
class|#276|#23|#
class|#39|#371|#
class|#242|#241|#
class|#242|#330|#
class|#241|#330|#
class|#255|#271|#
class|#376|#377|#
class|#335|#48|#
class|#335|#178|#
class|#335|#46|#
class|#48|#178|#
class|#48|#46|#
class|#178|#46|#
class|#51|#321|#
class|#321|#339|#
class|#321|#355|#
class|#207|#228|#
class|#243|#336|#
class|#243|#282|#
class|#243|#369|#
class|#336|#282|#
class|#336|#369|#
class|#282|#369|#
class|#58|#183|#
class|#367|#293|#
class|#367|#306|#
class|#293|#306|#
class|#274|#325|#
class|#180|#195|#
class|#180|#366|#
class|#180|#40|#
class|#180|#247|#
class|#180|#211|#
class|#180|#212|#
class|#180|#246|#
class|#180|#214|#
class|#180|#179|#
class|#180|#372|#
class|#180|#294|#
class|#180|#201|#
class|#180|#53|#
class|#180|#233|#
class|#180|#194|#
class|#180|#289|#
class|#180|#271|#
class|#180|#230|#
class|#180|#350|#
class|#180|#333|#
class|#180|#235|#
class|#180|#347|#
class|#180|#272|#
class|#180|#285|#
class|#180|#44|#
class|#180|#256|#
class|#180|#62|#
class|#180|#189|#
class|#180|#223|#
class|#180|#337|#
class|#180|#267|#
class|#180|#342|#
class|#180|#46|#
class|#180|#34|#
class|#180|#291|#
class|#180|#29|#
class|#180|#193|#
class|#180|#33|#
class|#180|#239|#
class|#180|#50|#
class|#180|#37|#
class|#180|#252|#
class|#180|#238|#
class|#180|#259|#
class|#180|#323|#
class|#180|#301|#
class|#180|#264|#
class|#180|#297|#
class|#180|#221|#
class|#180|#277|#
class|#180|#368|#
class|#180|#250|#
class|#180|#307|#
class|#180|#47|#
class|#180|#204|#
class|#180|#182|#
class|#180|#308|#
class|#180|#346|#
class|#180|#305|#
class|#180|#196|#
class|#180|#61|#
class|#180|#290|#
class|#180|#273|#
class|#180|#324|#
class|#180|#63|#
class|#180|#348|#
class|#180|#298|#
class|#180|#202|#
class|#180|#244|#
class|#180|#292|#
class|#180|#27|#
class|#180|#300|#
class|#180|#174|#
class|#180|#304|#
class|#180|#205|#
class|#180|#339|#
class|#180|#355|#
class|#180|#331|#
class|#180|#203|#
class|#180|#296|#
class|#180|#364|#
class|#180|#319|#
class|#180|#231|#
class|#180|#227|#
class|#180|#317|#
class|#180|#299|#
class|#180|#356|#
class|#180|#220|#
class|#180|#253|#
class|#180|#172|#
class|#180|#351|#
class|#180|#268|#
class|#180|#213|#
class|#180|#378|#
class|#180|#30|#
class|#180|#310|#
class|#180|#59|#
class|#180|#206|#
class|#180|#340|#
class|#180|#199|#
class|#180|#365|#
class|#180|#173|#
class|#180|#198|#
class|#180|#232|#
class|#195|#366|#
class|#195|#40|#
class|#195|#356|#
class|#366|#40|#
class|#366|#356|#
class|#40|#356|#
class|#247|#211|#
class|#247|#212|#
class|#247|#246|#
class|#211|#212|#
class|#211|#246|#
class|#211|#62|#
class|#211|#189|#
class|#211|#223|#
class|#211|#337|#
class|#211|#267|#
class|#211|#342|#
class|#212|#246|#
class|#246|#300|#
class|#372|#294|#
class|#201|#53|#
class|#194|#289|#
class|#350|#333|#
class|#235|#347|#
class|#272|#285|#
class|#44|#256|#
class|#62|#189|#
class|#62|#223|#
class|#62|#337|#
class|#62|#267|#
class|#62|#342|#
class|#189|#223|#
class|#189|#337|#
class|#189|#267|#
class|#189|#342|#
class|#223|#337|#
class|#223|#267|#
class|#223|#342|#
class|#337|#267|#
class|#337|#342|#
class|#267|#342|#
class|#46|#34|#
class|#193|#33|#
class|#193|#239|#
class|#33|#239|#
class|#37|#205|#
class|#259|#323|#
class|#259|#301|#
class|#323|#301|#
class|#221|#277|#
class|#368|#250|#
class|#307|#47|#
class|#204|#203|#
class|#204|#582|#
class|#182|#308|#
class|#182|#346|#
class|#182|#305|#
class|#308|#346|#
class|#308|#305|#
class|#346|#305|#
class|#290|#273|#
class|#63|#348|#
class|#63|#298|#
class|#63|#202|#
class|#348|#298|#
class|#348|#202|#
class|#348|#355|#
class|#298|#202|#
class|#300|#12|#
class|#300|#12|#
class|#174|#340|#
class|#339|#355|#
class|#203|#582|#
class|#296|#364|#
class|#296|#319|#
class|#296|#231|#
class|#296|#227|#
class|#364|#319|#
class|#364|#231|#
class|#364|#227|#
class|#319|#231|#
class|#319|#227|#
class|#231|#227|#
class|#299|#356|#
class|#299|#220|#
class|#356|#220|#
class|#351|#268|#
class|#351|#213|#
class|#351|#378|#
class|#351|#30|#
class|#268|#213|#
class|#268|#378|#
class|#268|#30|#
class|#213|#378|#
class|#213|#30|#
class|#378|#30|#
class|#206|#340|#
class|#199|#365|#
class|#16|#555|#
class|#16|#125|#
class|#555|#125|#
class|#555|#16|#
class|#571|#153|#
class|#19|#583|#
class|#583|#588|#
class|#583|#19|#
class|#17|#147|#
class|#557|#564|#
class|#557|#163|#
class|#557|#122|#
class|#564|#163|#
class|#564|#122|#
class|#596|#164|#
class|#12|#567|#
class|#567|#12|#
class|#7|#146|#
class|#554|#566|#
class|#579|#160|#
class|#4|#574|#
class|#4|#118|#
class|#574|#155|#
class|#574|#4|#
class|#574|#118|#
class|#125|#16|#
class|#17|#147|#
class|#163|#122|#
class|#165|#123|#
class|#146|#7|#
class|#134|#157|#
class|#4|#118|#
class|#552|#131|#
class|#13|#149|#
class|#13|#158|#
class|#9|#542|#
class|#9|#143|#
class|#9|#148|#
class|#9|#169|#
class|#9|#137|#
class|#542|#9|#
class|#542|#143|#
class|#542|#148|#
class|#542|#169|#
class|#542|#137|#
class|#559|#576|#
class|#5|#135|#
class|#544|#562|#
class|#545|#560|#
class|#545|#162|#
class|#560|#162|#
class|#577|#117|#
class|#577|#116|#
class|#8|#569|#
class|#8|#168|#
class|#8|#114|#
class|#569|#168|#
class|#569|#8|#
class|#569|#114|#
class|#553|#534|#
class|#553|#573|#
class|#553|#112|#
class|#534|#573|#
class|#534|#130|#
class|#534|#112|#
class|#573|#112|#
class|#535|#152|#
class|#15|#115|#
class|#15|#139|#
class|#551|#20|#
class|#551|#11|#
class|#551|#14|#
class|#551|#537|#
class|#551|#556|#
class|#551|#589|#
class|#551|#21|#
class|#551|#549|#
class|#551|#593|#
class|#551|#546|#
class|#551|#558|#
class|#551|#131|#
class|#551|#0|#
class|#551|#141|#
class|#551|#149|#
class|#551|#13|#
class|#551|#158|#
class|#551|#121|#
class|#551|#127|#
class|#551|#9|#
class|#551|#143|#
class|#551|#148|#
class|#551|#169|#
class|#551|#137|#
class|#551|#138|#
class|#551|#157|#
class|#551|#144|#
class|#551|#130|#
class|#551|#135|#
class|#551|#5|#
class|#551|#159|#
class|#551|#151|#
class|#551|#162|#
class|#551|#117|#
class|#551|#116|#
class|#551|#136|#
class|#551|#168|#
class|#551|#8|#
class|#551|#114|#
class|#551|#2|#
class|#551|#112|#
class|#551|#152|#
class|#551|#115|#
class|#551|#139|#
class|#551|#15|#
class|#551|#142|#
class|#551|#20|#
class|#551|#11|#
class|#551|#133|#
class|#551|#145|#
class|#551|#14|#
class|#551|#132|#
class|#551|#113|#
class|#551|#128|#
class|#551|#171|#
class|#551|#129|#
class|#551|#21|#
class|#551|#140|#
class|#551|#166|#
class|#20|#11|#
class|#20|#11|#
class|#11|#20|#
class|#14|#133|#
class|#14|#145|#
class|#537|#128|#
class|#589|#129|#
class|#593|#166|#
class|#149|#13|#
class|#149|#158|#
class|#13|#158|#
class|#121|#127|#
class|#9|#143|#
class|#9|#148|#
class|#9|#169|#
class|#9|#137|#
class|#143|#148|#
class|#143|#169|#
class|#143|#137|#
class|#148|#169|#
class|#148|#137|#
class|#169|#137|#
class|#138|#157|#
class|#135|#5|#
class|#117|#116|#
class|#168|#8|#
class|#168|#114|#
class|#8|#114|#
class|#115|#139|#
class|#115|#15|#
class|#139|#15|#
class|#20|#11|#
class|#133|#145|#
class|#133|#14|#
class|#145|#14|#
class|#128|#171|#
class|#128|#129|#
class|#128|#21|#
class|#128|#140|#
class|#128|#166|#
class|#128|#740|#
class|#128|#468|#
class|#128|#3|#
class|#128|#3|#
class|#87|#695|#
class|#87|#705|#
class|#85|#718|#
class|#85|#679|#
class|#85|#682|#
class|#718|#679|#
class|#718|#682|#
class|#718|#85|#
class|#679|#682|#
class|#679|#85|#
class|#682|#85|#
class|#714|#675|#
class|#714|#82|#
class|#714|#385|#
class|#714|#414|#
class|#714|#82|#
class|#675|#82|#
class|#675|#385|#
class|#675|#414|#
class|#675|#82|#
class|#675|#405|#
class|#82|#385|#
class|#82|#414|#
class|#76|#89|#
class|#76|#90|#
class|#76|#708|#
class|#76|#719|#
class|#76|#77|#
class|#76|#407|#
class|#76|#89|#
class|#76|#90|#
class|#76|#412|#
class|#76|#77|#
class|#76|#393|#
class|#89|#90|#
class|#89|#708|#
class|#89|#719|#
class|#89|#407|#
class|#89|#76|#
class|#89|#90|#
class|#89|#412|#
class|#90|#708|#
class|#90|#719|#
class|#90|#407|#
class|#90|#76|#
class|#90|#89|#
class|#90|#412|#
class|#708|#719|#
class|#708|#407|#
class|#708|#76|#
class|#708|#89|#
class|#708|#90|#
class|#708|#412|#
class|#719|#407|#
class|#719|#76|#
class|#719|#89|#
class|#719|#90|#
class|#719|#412|#
class|#688|#404|#
class|#688|#398|#
class|#88|#681|#
class|#88|#74|#
class|#88|#74|#
class|#681|#74|#
class|#681|#88|#
class|#681|#74|#
class|#74|#88|#
class|#687|#78|#
class|#687|#712|#
class|#687|#383|#
class|#687|#78|#
class|#687|#382|#
class|#687|#406|#
class|#78|#712|#
class|#78|#383|#
class|#78|#382|#
class|#78|#406|#
class|#712|#383|#
class|#712|#78|#
class|#712|#382|#
class|#712|#406|#
class|#77|#76|#
class|#77|#393|#
class|#700|#415|#
class|#700|#418|#
class|#92|#81|#
class|#92|#400|#
class|#92|#81|#
class|#81|#707|#
class|#81|#400|#
class|#81|#92|#
class|#707|#81|#
class|#75|#389|#
class|#704|#394|#
class|#695|#705|#
class|#695|#87|#
class|#705|#87|#
class|#711|#91|#
class|#711|#91|#
class|#711|#399|#
class|#91|#399|#
class|#691|#690|#
class|#676|#386|#
class|#713|#79|#
class|#713|#406|#
class|#713|#411|#
class|#713|#421|#
class|#713|#392|#
class|#713|#79|#
class|#79|#406|#
class|#79|#411|#
class|#79|#421|#
class|#79|#392|#
class|#703|#93|#
class|#703|#396|#
class|#703|#413|#
class|#703|#93|#
class|#93|#409|#
class|#93|#396|#
class|#93|#413|#
class|#84|#86|#
class|#84|#680|#
class|#84|#83|#
class|#84|#698|#
class|#84|#86|#
class|#84|#83|#
class|#84|#379|#
class|#86|#680|#
class|#86|#83|#
class|#86|#698|#
class|#86|#394|#
class|#86|#84|#
class|#86|#83|#
class|#86|#379|#
class|#680|#83|#
class|#680|#698|#
class|#680|#84|#
class|#680|#86|#
class|#680|#83|#
class|#680|#379|#
class|#83|#698|#
class|#83|#84|#
class|#83|#86|#
class|#83|#379|#
class|#698|#84|#
class|#698|#86|#
class|#698|#83|#
class|#698|#379|#
class|#716|#692|#
class|#385|#414|#
class|#385|#82|#
class|#414|#82|#
class|#407|#76|#
class|#407|#89|#
class|#407|#90|#
class|#407|#412|#
class|#76|#89|#
class|#76|#90|#
class|#76|#412|#
class|#76|#77|#
class|#76|#393|#
class|#89|#90|#
class|#89|#412|#
class|#90|#412|#
class|#404|#398|#
class|#88|#74|#
class|#383|#78|#
class|#383|#382|#
class|#383|#406|#
class|#78|#382|#
class|#78|#406|#
class|#382|#406|#
class|#422|#384|#
class|#422|#381|#
class|#384|#381|#
class|#77|#393|#
class|#415|#418|#
class|#400|#92|#
class|#400|#81|#
class|#92|#81|#
class|#75|#389|#
class|#390|#396|#
class|#394|#86|#
class|#91|#399|#
class|#409|#93|#
class|#406|#411|#
class|#406|#421|#
class|#406|#392|#
class|#406|#79|#
class|#411|#421|#
class|#411|#392|#
class|#411|#79|#
class|#421|#392|#
class|#421|#79|#
class|#392|#79|#
class|#396|#413|#
class|#396|#93|#
class|#413|#93|#
class|#84|#86|#
class|#84|#83|#
class|#84|#379|#
class|#86|#83|#
class|#86|#379|#
class|#83|#379|#
class|#748|#747|#
class|#748|#518|#
class|#748|#532|#
class|#110|#467|#
class|#733|#469|#
class|#733|#479|#
class|#733|#495|#
class|#94|#739|#
class|#739|#94|#
class|#723|#750|#
class|#723|#732|#
class|#723|#743|#
class|#723|#488|#
class|#747|#735|#
class|#747|#744|#
class|#747|#518|#
class|#747|#453|#
class|#735|#744|#
class|#735|#453|#
class|#744|#453|#
class|#724|#458|#
class|#724|#523|#
class|#105|#457|#
class|#105|#512|#
class|#101|#96|#
class|#101|#459|#
class|#101|#96|#
class|#101|#466|#
class|#101|#454|#
class|#96|#101|#
class|#96|#459|#
class|#96|#466|#
class|#96|#454|#
class|#742|#726|#
class|#749|#108|#
class|#749|#484|#
class|#749|#108|#
class|#749|#526|#
class|#108|#484|#
class|#108|#526|#
class|#729|#529|#
class|#750|#732|#
class|#750|#743|#
class|#732|#743|#
class|#738|#103|#
class|#738|#103|#
class|#103|#517|#
class|#103|#492|#
class|#103|#480|#
class|#103|#487|#
class|#746|#730|#
class|#746|#100|#
class|#746|#476|#
class|#746|#100|#
class|#746|#525|#
class|#730|#100|#
class|#730|#476|#
class|#730|#100|#
class|#730|#525|#
class|#100|#102|#
class|#100|#476|#
class|#100|#525|#
class|#100|#500|#
class|#100|#102|#
class|#752|#741|#
class|#752|#99|#
class|#752|#99|#
class|#741|#99|#
class|#741|#99|#
class|#104|#109|#
class|#104|#737|#
class|#104|#462|#
class|#104|#460|#
class|#104|#109|#
class|#104|#500|#
class|#109|#737|#
class|#109|#462|#
class|#109|#104|#
class|#109|#460|#
class|#737|#462|#
class|#737|#104|#
class|#737|#460|#
class|#737|#109|#
class|#102|#482|#
class|#102|#100|#
class|#102|#500|#
class|#740|#468|#
class|#745|#515|#
class|#745|#494|#
class|#745|#514|#
class|#751|#734|#
class|#751|#465|#
class|#751|#478|#
class|#751|#521|#
class|#734|#465|#
class|#734|#478|#
class|#734|#521|#
class|#727|#456|#
class|#107|#530|#
class|#107|#506|#
class|#106|#464|#
class|#106|#498|#
class|#518|#532|#
class|#110|#467|#
class|#467|#511|#
class|#531|#501|#
class|#531|#504|#
class|#531|#510|#
class|#531|#524|#
class|#501|#504|#
class|#501|#510|#
class|#501|#524|#
class|#501|#477|#
class|#504|#510|#
class|#504|#524|#
class|#510|#524|#
class|#469|#479|#
class|#469|#495|#
class|#479|#495|#
class|#491|#519|#
class|#491|#505|#
class|#519|#505|#
class|#511|#503|#
class|#503|#497|#
class|#458|#523|#
class|#508|#515|#
class|#482|#500|#
class|#482|#102|#
class|#461|#520|#
class|#105|#457|#
class|#105|#512|#
class|#457|#512|#
class|#101|#459|#
class|#101|#96|#
class|#101|#466|#
class|#101|#454|#
class|#459|#96|#
class|#459|#466|#
class|#459|#454|#
class|#96|#466|#
class|#96|#454|#
class|#466|#454|#
class|#489|#471|#
class|#484|#108|#
class|#484|#526|#
class|#108|#526|#
class|#517|#492|#
class|#517|#103|#
class|#517|#480|#
class|#517|#487|#
class|#492|#103|#
class|#492|#480|#
class|#492|#487|#
class|#103|#480|#
class|#103|#487|#
class|#480|#487|#
class|#487|#496|#
class|#487|#502|#
class|#487|#456|#
class|#476|#100|#
class|#476|#525|#
class|#100|#525|#
class|#100|#500|#
class|#100|#102|#
class|#522|#486|#
class|#522|#481|#
class|#486|#481|#
class|#481|#475|#
class|#463|#474|#
class|#463|#472|#
class|#474|#472|#
class|#472|#477|#
class|#462|#104|#
class|#462|#460|#
class|#462|#109|#
class|#104|#460|#
class|#104|#109|#
class|#104|#500|#
class|#460|#109|#
class|#500|#102|#
class|#515|#494|#
class|#515|#514|#
class|#494|#514|#
class|#465|#478|#
class|#465|#521|#
class|#478|#521|#
class|#107|#530|#
class|#107|#506|#
class|#530|#506|#
class|#496|#502|#
class|#496|#456|#
class|#502|#456|#
class|#455|#490|#
class|#455|#470|#
class|#455|#507|#
class|#490|#470|#
class|#490|#507|#
class|#470|#507|#
class|#483|#513|#
class|#483|#485|#
class|#513|#485|#
class|#464|#106|#
class|#464|#498|#
class|#106|#498|#
class|#658|#660|#
class|#658|#423|#
class|#658|#435|#
class|#660|#423|#
class|#660|#435|#
class|#669|#670|#
class|#671|#428|#
class|#661|#656|#
class|#661|#71|#
class|#661|#672|#
class|#661|#71|#
class|#661|#440|#
class|#661|#442|#
class|#656|#71|#
class|#656|#672|#
class|#656|#71|#
class|#656|#440|#
class|#656|#442|#
class|#71|#672|#
class|#71|#71|#
class|#71|#440|#
class|#71|#442|#
class|#672|#664|#
class|#672|#662|#
class|#672|#71|#
class|#672|#440|#
class|#672|#442|#
class|#672|#429|#
class|#672|#446|#
class|#73|#70|#
class|#73|#434|#
class|#73|#449|#
class|#73|#433|#
class|#73|#70|#
class|#73|#438|#
class|#70|#73|#
class|#70|#434|#
class|#70|#449|#
class|#70|#433|#
class|#70|#70|#
class|#70|#438|#
class|#69|#426|#
class|#69|#69|#
class|#69|#448|#
class|#665|#67|#
class|#665|#674|#
class|#665|#447|#
class|#665|#431|#
class|#665|#67|#
class|#67|#674|#
class|#67|#447|#
class|#67|#431|#
class|#72|#68|#
class|#72|#437|#
class|#72|#68|#
class|#664|#659|#
class|#664|#662|#
class|#664|#440|#
class|#664|#442|#
class|#664|#443|#
class|#664|#429|#
class|#664|#446|#
class|#673|#424|#
class|#666|#427|#
class|#666|#432|#
class|#666|#429|#
class|#666|#446|#
class|#674|#68|#
class|#674|#659|#
class|#674|#447|#
class|#674|#431|#
class|#674|#67|#
class|#674|#68|#
class|#68|#659|#
class|#68|#437|#
class|#68|#72|#
class|#659|#443|#
class|#659|#68|#
class|#662|#657|#
class|#662|#440|#
class|#662|#442|#
class|#662|#429|#
class|#662|#446|#
class|#657|#427|#
class|#657|#432|#
class|#423|#435|#
class|#435|#430|#
class|#71|#440|#
class|#71|#442|#
class|#440|#442|#
class|#440|#429|#
class|#440|#446|#
class|#442|#429|#
class|#442|#446|#
class|#73|#434|#
class|#73|#449|#
class|#73|#433|#
class|#73|#70|#
class|#73|#438|#
class|#434|#449|#
class|#434|#433|#
class|#434|#70|#
class|#434|#438|#
class|#449|#433|#
class|#449|#70|#
class|#449|#438|#
class|#433|#70|#
class|#433|#438|#
class|#70|#438|#
class|#426|#69|#
class|#426|#448|#
class|#69|#448|#
class|#447|#431|#
class|#447|#67|#
class|#431|#67|#
class|#437|#72|#
class|#437|#68|#
class|#72|#68|#
class|#427|#432|#
class|#429|#446|#
class|#452|#444|#
class|#425|#451|#
class|#647|#56|#
class|#647|#56|#
class|#699|#696|#
class|#693|#402|#
class|#565|#595|#
class|#584|#540|#
